0,1,2,3,4,5,6,7,8,9
,,,,,,,,,
"
06MAGNA



","3,7800","0,0000","0,00%",90,118 633,"3,7400","3,8800","3,7400",02.01 17:00
"
08OCTAVA



","0,9500","-0,0400","-4,04%",2,10,"0,9500","0,9500","0,9500",02.01 15:00
"
11BIT



","543,0000","2,0000","0,37%",455,1 863 407,"544,0000","557,0000","542,0000",02.01 17:01
"
3RGAMES



","0,4150","0,0160","4,01%",27,3 286,"0,4100","0,4150","0,4030",02.01 15:40
"
ABPL



","74,2000","-0,8000","-1,07%",155,441 550,"75,0000","76,6000","74,0000",02.01 17:00
"
ACAUTOGAZ



","25,9000","-0,1000","-0,38%",21,28 191,"26,0000","26,0000","25,8000",02.01 16:18
"
ACTION



","19,2200","0,0000","0,00%",169,194 672,"18,9000","19,3000","18,9000",02.01 17:00
"
ADIUVO



","0,9200","0,0300","3,37%",9,5 374,"0,9400","0,9400","0,8700",02.01 09:50
"
AGORA



","11,3500","-0,0500","-0,44%",80,256 161,"11,5000","11,6500","11,2000",02.01 17:00
"

",,,,,,,,,
"
AGROTON



","2,4000","-0,1300","-5,14%",46,10 003,"2,5200","2,5200","2,3900",02.01 17:00
"
AIGAMES



","1,5800","0,0100","0,64%",13,6 240,"1,5700","1,6000","1,5700",02.01 14:45
"
AILLERON



","18,3000","-0,3500","-1,88%",91,85 293,"18,7500","18,7500","18,1500",02.01 17:00
"
AIRWAY



","0,2900","0,0000","0,00%",263,309 528,"0,2850","0,2995","0,2700",02.01 17:03
"
ALIOR



","73,0000","-3,3400","-4,38%",2 618,13 145 213,"76,1000","76,3400","72,2600",02.01 17:01
"
ALLEGRO



","31,3100","-2,0150","-6,05%",14 431,90 762 720,"33,3250","33,3500","31,3100",02.01 17:02
"
ALTA



","1,7700","0,0200","1,14%",15,32 375,"1,7900","1,8100","1,7200",02.01 17:00
"
ALTUS



","2,8400","0,5400","23,48%",163,1 058 515,"2,3000","3,0200","2,3000",02.01 17:04
"
ALUMETAL



","81,3000","0,1000","0,12%",20,97 608,"81,3000","81,3000","81,2000",02.08 15:49
"
AMBRA



","29,7000","0,2000","0,68%",161,364 060,"29,6000","29,7000","28,4000",02.01 17:00
"
AMICA



","80,9000","-2,1000","-2,53%",207,376 106,"82,0000","83,5000","80,6000",02.01 17:03
"
AMPLI



","0,9100","0,0100","1,11%",1,992,"0,9100","0,9100","0,9100",29.12 15:00
"
AMREST



","26,4000","-0,2000","-0,75%",443,2 220 678,"27,1000","27,6000","26,0000",02.01 17:00
"
ANSWEAR



","29,8000","0,0000","0,00%",86,205 108,"30,1000","30,5000","29,6000",02.01 16:43
"
APATOR



","15,9500","0,2500","1,59%",339,725 499,"15,7500","16,5000","15,6000",02.01 17:00
"
APLISENS



","23,2000","0,6000","2,65%",51,153 320,"23,2000","23,2000","22,6000",02.01 17:00
"
APSENERGY



","3,7200","-0,0300","-0,80%",15,9 147,"3,7700","3,7700","3,5400",02.01 16:05
"
ARCHICOM



","26,6000","-1,1000","-3,97%",44,80 824,"28,3000","28,3000","26,5000",02.01 17:00
"
ARCTIC



","21,4000","-0,9500","-4,25%",876,2 029 818,"22,3500","22,3500","20,6500",02.01 17:03
"
ARTERIA



","9,4000","0,0000","0,00%",1,9,"9,4000","9,4000","9,4000",20.04 15:00
"
ARTIFEX



","17,4500","0,2500","1,45%",36,84 707,"17,0000","17,8000","17,0000",02.01 16:48
"
ASBIS



","28,3200","-0,1800","-0,63%",632,2 164 372,"28,3200","28,6400","28,2600",02.01 17:02
"
ASMGROUP



","0,2400","-0,0340","-12,41%",205,206 625,"0,2500","0,2680","0,2360",30.11 16:48
"
ASSECOBS



","49,6000","1,6000","3,33%",103,101 057,"50,0000","50,4000","48,7000",02.01 17:00
"
ASSECOPOL



","72,0000","-1,1000","-1,50%",1 899,8 338 936,"73,2500","73,9000","72,0000",02.01 17:01
"
ASSECOSEE



","49,8000","0,7000","1,43%",130,157 240,"49,5000","51,0000","48,7000",02.01 17:00
"
ASTARTA



","28,5500","-0,1500","-0,52%",97,324 889,"28,5000","28,7000","28,0000",02.01 17:00
"
ATAL



","56,0000","0,0000","0,00%",86,2 149 339,"56,0000","56,4000","55,6000",02.01 17:00
"
ATENDE



","3,3700","-0,0100","-0,30%",56,81 673,"3,3800","3,4000","3,3200",02.01 16:27
"
ATLANTAPL



","18,0000","-0,1000","-0,55%",35,64 459,"18,5000","18,5000","17,5000",02.01 16:49
"
ATLANTIS



","0,4460","0,0170","3,96%",26,9 093,"0,4300","0,4520","0,4300",02.01 16:44
"
ATLASEST



","1,2500","-0,2400","-16,11%",33,44 197,"1,4500","1,4500","1,2100",08.12 16:45
"
ATMGRUPA



","3,4600","-0,0800","-2,26%",19,23 525,"3,6000","3,6000","3,4600",02.01 14:21
"
ATREM



","6,8000","-0,0800","-1,16%",21,41 485,"7,0400","7,0800","6,7800",02.01 17:00
"
AUTOPARTN



","26,8500","0,9000","3,47%",438,2 426 123,"26,1000","26,9000","25,9500",02.01 17:00
"
BAHOLDING



","0,1048","-0,0072","-6,43%",111,76 642,"0,1048","0,1126","0,0942",03.10 15:01
"
BBIDEV



","4,5600","0,0100","0,22%",17,47 256,"4,5400","4,6900","4,5400",02.01 17:00
"
BEDZIN



","40,4000","4,8000","13,48%",410,978 309,"35,6000","42,6000","35,4000",02.01 17:04
"
BENEFIT



","2 080,0000","130,0000","6,67%",393,4 776 275,"1 970,0000","2 080,0000","1 970,0000",02.01 17:00
"
BERLING



","6,9500","0,0000","0,00%",4,149 738,"6,9500","6,9500","6,9500",13.03 15:29
"
BEST



","24,0000","1,2000","5,26%",6,12 266,"24,8000","24,8000","23,0000",02.01 17:00
"
BETACOM



","4,7400","0,0000","0,00%",2,1 446,"4,8000","4,8000","4,7400",02.01 09:10
"
BIGCHEESE



","25,8000","2,3000","9,79%",194,378 963,"23,6000","26,0000","23,6000",02.01 17:00
"
BIOCELTIX



","91,0000","1,0000","1,11%",85,262 940,"90,0000","92,8000","90,0000",02.01 17:00
"
BIOMAXIMA



","16,2800","-0,1400","-0,85%",49,37 194,"16,3000","16,3600","16,0400",02.01 17:00
"
BIOPLANET



","14,4000","1,0000","7,46%",10,19 574,"14,0000","15,2000","14,0000",02.01 13:16
"
BIOTON



","3,6050","0,0350","0,98%",106,104 798,"3,5700","3,6400","3,5700",02.01 17:00
"
BNPPPL



","82,8000","-2,8000","-3,27%",49,136 813,"85,6000","86,6000","79,4000",02.01 16:24
"
BOGDANKA



","34,3600","0,3400","1,00%",562,1 923 277,"34,1800","34,8800","33,8200",02.01 17:00
"
BOOMBIT



","11,2500","0,3000","2,74%",23,26 185,"10,8500","11,3000","10,8500",02.01 16:26
"
BORYSZEW



","6,1000","-0,0700","-1,13%",79,141 923,"6,1700","6,2200","6,1000",02.01 16:46
"
BOS



","10,8800","-0,3600","-3,20%",224,462 458,"11,1000","11,3600","10,3200",02.01 17:00
"
BOWIM



","7,1000","0,2000","2,90%",95,122 416,"7,1000","7,1800","7,0000",02.01 16:42
"
BRAND24



","35,5000","-0,5000","-1,39%",119,245 370,"37,0000","37,0000","34,5000",02.01 16:43
"
BRASTER



","0,5800","-0,0300","-4,92%",18,8 880,"0,5840","0,6000","0,5740",04.05 17:00
"
BUDIMEX



","636,0000","10,0000","1,60%",1 161,11 934 494,"631,0000","636,0000","613,0000",02.01 17:00
"
BUMECH



","17,1500","-0,8500","-4,72%",568,1 168 677,"18,0000","18,2900","16,5000",02.01 17:00
"
CAPITAL



","0,8000","-0,0100","-1,23%",6,4 104,"0,8000","0,8000","0,8000",02.01 11:22
"
CAPITEA



","0,7550","-0,0450","-5,63%",442,694 722,"0,7900","0,8000","0,7250",02.01 17:01
"
CAPTORTX



","100,0000","1,0000","1,01%",21,34 175,"100,0000","102,0000","98,4000",02.01 16:46
"
CASPAR



","8,9000","0,3000","3,49%",2,26,"8,6000","8,9000","8,6000",02.01 17:00
"
CAVATINA



","16,8000","-0,1500","-0,88%",15,3 368,"16,9500","17,0000","16,1000",02.01 16:22
"
CCC



","59,2000","-1,9600","-3,20%",1 791,13 067 187,"61,2000","62,7000","58,9000",02.01 17:02
"
CCENERGY



","0,3080","-0,0020","-0,65%",1,308,"0,3080","0,3080","0,3080",02.01 11:00
"
CDPROJEKT



","111,9000","-3,1000","-2,70%",9 456,44 774 880,"115,0500","115,8500","109,9500",02.01 17:03
"
CDRL



","11,8000","0,6000","5,36%",25,28 254,"12,0000","12,6000","10,9000",02.01 13:24
"
CELTIC



","4,4700","-0,0200","-0,45%",13,40 517,"4,6500","4,6500","4,3700",02.01 16:38
"
CEZ



","172,0000","3,0000","1,78%",75,206 519,"169,0000","172,9000","168,0000",02.01 16:36
"
CFI



","0,2300","0,0020","0,88%",5,2 324,"0,2200","0,2300","0,2200",02.01 16:07
"
CIECH



","53,0000","-0,2000","-0,38%",84,544 366,"53,2000","53,4000","53,0000",06.11 17:00
"
CIGAMES



","2,0950","0,0000","0,00%",642,1 503 397,"2,1200","2,1250","2,0650",02.01 17:03
"
CITYSERV



","6,0000","0,3500","6,19%",3,572,"5,9000","6,0000","5,9000",02.01 16:01
"
CLNPHARMA



","15,7600","0,3000","1,94%",166,284 475,"15,4800","15,8000","15,4800",02.01 17:02
"
CLOUD



","66,0000","-0,8000","-1,20%",21,54 100,"66,8000","68,0000","66,0000",02.01 15:57
"
CNT



","13,2000","0,2000","1,54%",53,145 721,"13,0000","13,5000","12,3000",23.05 17:00
"
COALENERG



","1,0360","-0,0020","-0,19%",69,43 772,"0,9940","1,0400","0,9800",02.01 16:26
"
COGNOR



","8,2000","-0,1400","-1,68%",281,772 076,"8,3800","8,3800","8,1200",02.01 16:49
"
COLUMBUS



","5,6100","-0,0500","-0,88%",134,245 119,"5,8000","5,8200","5,6000",02.01 17:04
"
COMARCH



","207,0000","-1,0000","-0,48%",108,447 706,"210,0000","215,0000","207,0000",02.01 17:00
"
COMP



","74,8000","0,2000","0,27%",47,424 825,"73,4000","75,0000","73,4000",02.01 17:00
"
COMPERIA



","7,3000","0,4000","5,80%",2,458,"6,9500","7,3000","6,9500",02.01 11:44
"
COMPREMUM



","2,1700","0,0300","1,40%",35,36 795,"2,1700","2,1700","2,1100",02.01 17:00
"
CORMAY



","0,6100","0,0220","3,74%",54,23 038,"0,5880","0,6240","0,5880",02.01 17:00
"
CPGROUP



","10,2000","0,0000","0,00%",1,20,"10,2000","10,2000","10,2000",27.06 09:00
"
CREEPYJAR



","621,0000","23,0000","3,85%",94,315 176,"605,0000","630,0000","602,0000",02.01 17:00
"
CREOTECH



","192,5000","2,5000","1,32%",68,183 319,"196,0000","196,0000","191,5000",02.01 17:03
"
CREOTECH-PDA



","219,0000","-1,0000","-0,45%",40,175 193,"220,0000","220,0000","214,0000",04.12 17:00
"
CYBERFLKS



","85,6000","-1,8000","-2,06%",133,241 190,"89,0000","89,0000","85,6000",02.01 17:00
"
CYFRPLSAT



","12,3050","-0,0250","-0,20%",4 809,19 986 260,"12,3100","12,7500","12,2150",02.01 17:00
"
CZTOREBKA



","0,6800","0,0600","9,68%",1,32,"0,6800","0,6800","0,6800",02.01 15:00
"
DADELO



","16,0500","0,1000","0,63%",2,48,"16,2000","16,2000","16,0500",02.01 13:44
"
DATAWALK



","40,3000","4,0000","11,02%",1 578,4 305 369,"37,1500","42,5000","37,1500",02.01 17:03
"
DBENERGY



","21,1000","1,6500","8,48%",97,65 274,"19,8000","21,6000","19,7500",02.01 16:35
"
DEBICA



","71,4000","-0,6000","-0,83%",47,53 455,"72,6000","73,0000","71,2000",02.01 16:30
"
DECORA



","53,8000","-0,2000","-0,37%",82,276 416,"53,4000","55,8000","53,4000",02.01 15:49
"
DEKPOL



","54,0000","0,0000","0,00%",21,96 745,"53,0000","54,0000","50,8000",02.01 17:00
"
DELKO



","11,0500","0,5000","4,74%",269,306 840,"10,8500","11,1000","10,8000",02.01 17:00
"
DEVELIA



","4,4800","-0,0600","-1,32%",506,969 105,"4,5000","4,5400","4,4150",02.01 17:03
"
DGA



","7,7500","0,5500","7,64%",6,12 099,"7,2000","7,7500","7,0500",02.01 16:45
"
DIGITANET



","32,5000","1,5000","4,84%",95,261 445,"33,8000","33,8000","31,2000",02.01 16:47
"
DIGITREE



","9,7500","0,0500","0,52%",2,1 901,"9,7500","9,7500","9,7500",02.01 13:17
"
DINOPL



","457,7000","-3,0000","-0,65%",3 469,48 517 228,"461,4000","465,8000","454,8000",02.01 17:00
"
DOMDEV



","147,0000","-2,4000","-1,61%",498,1 254 538,"149,4000","151,6000","147,0000",02.01 17:04
"
DRAGOENT



","58,8000","0,8000","1,38%",42,98 636,"60,0000","61,8000","58,0000",02.01 16:32
"
DROZAPOL



","3,5800","0,2700","8,16%",21,23 636,"3,3500","3,5800","3,3500",02.01 16:46
"
ECHO



","4,0000","0,0000","0,00%",93,76 858,"4,0000","4,0600","3,9900",02.01 17:00
"
EDINVEST



","7,4500","-0,0500","-0,67%",26,14 144,"7,5000","7,6500","7,4500",02.01 16:46
"
EFEKT



","7,1000","0,0000","0,00%",2,2 130,"7,1000","7,1000","7,1000",02.01 15:00
"
EKOEXPORT



","1,6300","0,0100","0,62%",32,20 173,"1,6650","1,6700","1,6000",04.05 16:48
"
ELEKTROTI



","17,9600","-0,2400","-1,32%",193,325 337,"18,2600","18,2600","17,6200",02.01 17:00
"
ELKOP



","0,4670","-0,0160","-3,31%",64,16 871,"0,4850","0,4850","0,4660",02.01 17:00
"
ELZAB



","1,9200","-0,0100","-0,52%",18,19 304,"1,8800","1,9800","1,8800",15.12 17:00
"
EMCINSMED



","8,7000","0,0500","0,58%",14,732,"9,4000","9,4000","8,7000",02.01 17:00
"
ENAP



","2,0000","0,0800","4,17%",6,7 476,"1,9300","2,0000","1,9300",02.01 15:11
"
ENEA



","8,9500","-0,2200","-2,40%",1 119,3 938 519,"9,2600","9,2600","8,8050",02.01 17:01
"
ENELMED



","19,0000","0,0000","0,00%",15,6 479,"19,2000","19,2000","19,0000",02.01 17:00
"
ENERGA



","9,5800","0,2200","2,35%",168,429 620,"9,3600","9,9000","9,3600",02.01 17:00
"
ENERGOINS



","3,6000","-0,1800","-4,76%",135,188 994,"3,8400","3,8600","3,5600",02.01 17:02
"
ENTER



","51,0000","-0,2000","-0,39%",126,536 760,"51,2000","51,8000","48,2000",02.01 16:48
"
ERBUD



","43,0000","0,2000","0,47%",253,879 288,"42,8000","44,2000","42,5000",02.01 17:03
"
ERG



","54,0000","1,0000","1,89%",1,162,"54,0000","54,0000","54,0000",02.01 09:00
"
ESOTIQ



","34,0000","0,5000","1,49%",33,55 671,"33,5000","34,4000","33,0000",02.01 16:38
"
ESTAR



","1,4600","0,0600","4,29%",1,20,"1,4600","1,4600","1,4600",25.10 10:01
"
EUCO



","0,5920","-0,0380","-6,03%",15,2 431,"0,6300","0,6300","0,5900",02.01 17:00
"
EUROCASH



","16,9800","0,3300","1,98%",1 780,7 684 543,"16,9100","17,3300","16,6200",02.01 17:04
"
EUROHOLD



","3,6000","-0,0200","-0,55%",2,3 071,"3,6000","3,6000","3,6000",02.01 16:44
"
EUROTEL



","42,5000","2,1000","5,20%",106,149 037,"40,4000","43,3000","40,2000",02.01 17:00
"
FABRITY



","35,9000","-0,1000","-0,28%",20,20 713,"37,8000","37,8000","35,6000",02.01 15:30
"
FASING



","15,0000","0,5000","3,45%",28,362 591,"14,6000","15,5000","14,2000",02.01 17:00
"
FASTFIN



","1,0100","-0,0300","-2,88%",2,1 212,"1,0100","1,0100","1,0100",03.10 11:00
"
FEERUM



","5,7500","0,0500","0,88%",6,3 658,"6,2000","6,2000","5,7500",02.01 17:00
"
FERRO



","31,8000","0,4000","1,27%",161,1 829 107,"31,6000","32,6000","31,4000",02.01 17:00
"
FERRUM



","3,5200","0,0000","0,00%",5,1 803,"3,5000","3,5200","3,5000",02.01 15:02
"
FMG



","46,0000","-3,6000","-7,26%",5,4 380,"48,0000","48,8000","46,0000",02.01 17:00
"
FON



","1,8700","0,4600","32,62%",433,954 650,"1,7000","1,8700","1,6000",29.12 10:37
"
FORTE



","22,2000","-0,6000","-2,63%",99,87 092,"23,0000","23,0000","22,0000",02.01 17:00
"
GAMEOPS



","30,0000","-0,7000","-2,28%",91,297 983,"30,7000","30,7000","29,2000",02.01 17:00
"
GAMFACTOR



","11,9000","0,0000","0,00%",93,162 539,"12,0000","12,4000","11,6000",02.01 17:00
"
GENOMTEC



","10,8000","-0,0500","-0,46%",105,398 539,"11,1000","11,1000","10,5000",02.01 16:48
"
GETIN



","0,6050","-0,0140","-2,26%",96,111 894,"0,6010","0,6090","0,5930",02.01 16:42
"
GETINOBLE



","0,1477","-0,0014","-0,94%",183,140 072,"0,1500","0,1510","0,1463",29.09 17:00
"
GIGROUP



","1,4600","0,0600","4,29%",7,1 331,"1,4700","1,4700","1,4500",02.01 13:57
"
GLCOSMED



","3,1500","-0,0200","-0,63%",40,54 578,"3,1500","3,1500","3,1000",02.01 17:00
"
GOBARTO



","26,7000","1,4000","5,53%",8,12 399,"25,0000","26,9000","25,0000",02.01 16:44
"
GPW



","41,3400","-1,1600","-2,73%",794,2 542 749,"42,5000","42,6200","41,3400",02.01 17:03
"
GREENX



","2,5200","-0,0650","-2,51%",746,1 979 740,"2,6450","2,6600","2,5150",02.01 17:00
"
GRENEVIA



","3,2500","-0,1000","-2,99%",214,512 368,"3,4500","3,4500","3,2500",02.01 17:00
"
GRODNO



","10,4000","0,4000","4,00%",159,269 712,"10,0000","10,8400","10,0000",02.01 17:00
"
GRUPAAZOTY



","23,9400","-0,7600","-3,08%",1 254,4 942 134,"24,8800","25,1200","23,8200",02.01 17:00
"
GRUPRACUJ



","59,6000","-2,4000","-3,87%",62,280 686,"62,0000","62,0000","59,3000",02.01 17:00
"
GTC



","4,2600","0,0300","0,71%",21,24 454,"4,2500","4,3000","4,2500",02.01 16:13
"
HANDLOWY



","102,8000","1,4000","1,38%",544,2 608 248,"101,4000","104,0000","100,6000",02.01 17:00
"
HARPER



","7,1400","0,0600","0,85%",96,230 181,"7,0800","7,2200","6,8800",02.01 17:00
"
HELIO



","21,6000","1,8000","9,09%",46,89 879,"20,8000","21,6000","19,9000",02.01 16:47
"
HERKULES



","0,9080","-0,0020","-0,22%",51,40 621,"0,9400","0,9560","0,8660",02.01 14:02
"
HMINWEST



","46,7000","0,2000","0,43%",23,27 550,"45,0000","47,0000","43,5000",02.01 14:28
"
HUUUGE



","26,1500","-0,6500","-2,43%",275,1 082 666,"26,9500","26,9500","26,1000",02.01 17:00
"
HYDROTOR



","35,0000","0,0000","0,00%",25,19 942,"35,0000","35,4000","34,2000",02.01 16:41
"
IBSM



","84,0000","6,4000","8,25%",1,168,"84,0000","84,0000","84,0000",02.01 09:00
"
IDMSA



","0,5550","-0,0050","-0,89%",6,3 395,"0,5550","0,5600","0,5550",02.01 17:00
"
IFCAPITAL



","0,2520","0,0020","0,80%",1 599,1 482 435,"0,2500","0,3000","0,2480",19.09 17:01
"
IFIRMA



","33,9000","-1,0000","-2,87%",107,144 995,"34,9000","35,0000","33,5000",02.01 16:48
"
IFSA



","4,0700","0,8500","26,40%",87,104 668,"3,4700","4,1900","3,2000",02.01 17:00
"
IIAAV



","90,8000","0,6000","0,67%",2,4 905,"90,9000","90,9000","90,8000",29.12 16:01
"
IMCOMPANY



","9,0400","-0,0400","-0,44%",4,7 885,"9,2800","9,3000","9,0400",02.01 13:03
"
IMMOBILE



","2,6400","-0,0800","-2,94%",7,5 663,"2,7400","2,7400","2,6400",02.01 16:49
"
IMPERIO



","1,0800","-0,2000","-15,62%",44,98 740,"1,2800","1,2800","1,0500",28.09 17:00
"
IMS



","4,6500","-0,2000","-4,12%",54,34 508,"4,8500","4,8500","4,4400",02.01 17:00
"
INC



","2,1000","0,0200","0,96%",42,50 244,"2,0800","2,1900","2,0800",02.01 16:44
"
INGBSK



","253,0000","-3,0000","-1,17%",476,5 084 412,"257,0000","259,0000","252,0000",02.01 17:00
"
INPRO



","7,9500","0,1000","1,27%",2,652,"8,0000","8,0000","7,9500",02.01 09:16
"
INSTALKRK



","43,8000","0,8000","1,86%",61,309 341,"42,7000","44,8000","42,7000",02.01 16:47
"
INTERBUD



","1,9800","0,0200","1,02%",8,17 562,"2,1000","2,1000","1,9800",02.01 16:36
"
INTERCARS



","591,0000","-13,0000","-2,15%",161,2 886 844,"611,0000","611,0000","590,0000",02.01 17:00
"
INTERSPPL



","1,0250","-0,0300","-2,84%",25,15 238,"1,0750","1,0750","0,9980",02.01 16:33
"
INTROL



","9,4600","-0,1200","-1,25%",51,38 341,"9,4800","9,7000","9,3400",02.01 17:00
"
IPOPEMA



","4,0200","0,2400","6,35%",66,114 723,"3,8000","4,1800","3,8000",02.01 16:13
"
ITMTRADE



","0,1510","0,0000","0,00%",2,334,"0,1510","0,1510","0,1510",03.10 15:00
"
IZOBLOK



","47,0000","-1,2000","-2,49%",8,10 064,"47,0000","47,0000","45,0000",29.12 12:35
"
IZOLACJA



","3,6700","0,0300","0,82%",37,46 631,"3,7400","3,8500","3,6300",02.01 17:00
"
IZOSTAL



","2,7300","0,0800","3,02%",83,95 066,"2,6500","2,7400","2,6400",02.01 16:35
"
JSW



","41,2900","-0,7400","-1,76%",2 517,14 914 402,"42,0300","42,4800","40,8500",02.01 17:02
"
JWWINVEST



","4,4400","0,2600","6,22%",73,52 529,"4,0000","4,6000","4,0000",02.01 16:18
"
KCI



","0,9260","-0,0020","-0,22%",18,10 941,"0,9240","0,9280","0,9000",02.01 16:46
"
KERNEL



","9,3350","0,1850","2,02%",85,121 711,"9,2100","9,6000","9,2100",02.01 16:49
"
KETY



","723,0000","-22,0000","-2,95%",1 211,5 946 612,"745,0000","750,0000","723,0000",02.01 17:00
"
KGHM



","120,1500","-2,5500","-2,08%",6 247,56 786 168,"123,1000","123,8500","119,0000",02.01 17:04
"
KGL



","15,5000","0,6000","4,03%",20,52 059,"15,0000","15,8000","14,9000",02.01 16:12
"
KINOPOL



","15,1000","0,8500","5,96%",140,338 513,"14,6000","15,2500","14,6000",02.01 17:00
"
KOGENERA



","63,8000","-1,0000","-1,54%",355,995 518,"64,8000","66,4000","62,2000",02.01 17:00
"
KOMPAP



","19,0000","1,5000","8,57%",29,124 591,"18,5000","19,6000","18,0000",29.12 15:30
"
KOMPUTRON



","5,0400","0,0400","0,80%",103,56 948,"5,0600","5,3000","5,0000",02.01 16:43
"
KPPD



","58,4000","2,4000","4,29%",4,10 931,"55,8000","58,4000","55,8000",02.01 14:42
"
KRAKCHEM



","0,4020","-0,0080","-1,95%",8,7 377,"0,4100","0,4100","0,4000",02.01 16:34
"
KREC



","22,7000","0,0000","0,00%",3,4 540,"22,7000","22,7000","22,7000",15.09 09:28
"
KREDYTIN



","16,6000","1,3000","8,50%",56,25 645,"16,8000","18,4000","16,1000",02.01 17:00
"
KRKA



","488,0000","5,0000","1,04%",12,27 219,"483,0000","488,0000","483,0000",02.01 16:20
"
KRUK



","457,4000","-19,6000","-4,11%",2 067,13 230 184,"480,0000","481,6000","457,0000",02.01 17:00
"
KRVITAMIN



","13,5500","-0,2000","-1,45%",10,26 690,"14,2000","14,2000","13,5500",02.01 16:48
"
KSGAGRO



","1,6000","-0,0200","-1,23%",25,4 291,"1,6000","1,6100","1,5350",02.01 17:00
"
LABOPRINT



","16,1000","-0,1000","-0,62%",10,9 093,"16,3000","16,6000","16,1000",02.01 14:30
"
LARQ



","1,4800","0,0100","0,68%",4,2 340,"1,5000","1,5000","1,4800",02.01 14:46
"
LENA



","3,7800","0,2000","5,59%",116,139 685,"3,6200","3,7900","3,5800",02.01 16:46
"
LENTEX



","7,8000","0,1000","1,30%",13,18 455,"7,5000","7,8000","7,4600",02.01 17:00
"
LESS



","0,2120","0,0120","6,00%",140,74 235,"0,2000","0,2230","0,1960",02.01 17:00
"
LIBET



","1,3700","0,0700","5,38%",5,1 184,"1,4000","1,4000","1,3100",02.01 16:26
"
LOKUM



","25,0000","-0,4000","-1,57%",7,9 887,"25,4000","25,4000","25,0000",02.01 17:00
"
LOTOS



","79,0000","-0,1800","-0,23%",18 507,368 827 328,"79,0000","80,9200","78,9200",28.07 17:04
"
LPP



","15 710,0000","-480,0000","-2,96%",1 617,50 276 940,"16 190,0000","16 210,0000","15 620,0000",02.01 17:03
"
LSISOFT



","15,3000","0,1000","0,66%",21,107 980,"15,5000","15,5000","15,3000",02.01 15:40
"
LUBAWA



","2,5700","0,1180","4,81%",954,2 792 839,"2,4800","2,6300","2,4800",02.01 17:03
"
MABION



","18,9600","0,8100","4,46%",712,1 646 748,"18,1600","18,9600","18,1000",02.01 17:04
"
MAKARONPL



","22,0000","0,4000","1,85%",62,86 762,"21,8000","22,2000","21,6000",02.01 17:00
"
MANGATA



","93,0000","-0,5000","-0,53%",26,21 570,"95,0000","96,0000","92,5000",02.01 15:45
"
MANYDEV



","0,6400","-0,0200","-3,03%",12,1 346,"0,6600","0,6700","0,6100",29.12 17:00
"
MARVIPOL



","7,6800","-0,0600","-0,78%",75,123 937,"7,7600","7,9600","7,6800",02.01 16:28
"
MAXCOM



","9,3800","0,1200","1,30%",16,4 667,"9,2800","9,3800","9,2800",02.01 11:05
"
MBANK



","525,0000","-10,0000","-1,87%",2 551,18 695 688,"533,0000","535,0000","517,6000",02.01 17:03
"
MBWS



","10,6500","-0,2500","-2,29%",2,384,"10,9000","10,9000","10,6500",29.12 16:07
"
MCI



","23,7000","-0,7000","-2,87%",78,575 210,"24,4000","25,3000","23,7000",02.01 16:49
"
MDIENERGIA



","2,0000","-0,0800","-3,85%",103,141 292,"2,0900","2,1500","1,9300",02.01 16:49
"
MEDICALG



","30,6000","0,0500","0,16%",390,430 607,"31,3500","31,4000","30,1500",02.01 17:02
"
MEDINICE



","11,4000","1,6000","16,33%",267,655 154,"9,8000","11,4500","9,8000",02.01 17:04
"
MEGARON



","9,5000","0,0000","0,00%",1,48,"9,5000","9,5000","9,5000",22.12 11:22
"
MENNICA



","17,0500","0,2500","1,49%",24,23 478,"16,8000","17,0500","16,7500",02.01 17:04
"
MERCATOR



","42,0000","0,5000","1,20%",178,558 557,"41,4000","42,7800","41,4000",02.01 17:00
"
MERCOR



","29,7000","0,5000","1,71%",27,47 614,"28,8000","30,8000","27,6000",02.01 16:38
"
MEXPOLSKA



","4,0000","0,0400","1,01%",19,2 881,"3,8700","4,0000","3,8400",02.01 10:42
"
MFO



","34,2000","0,3000","0,88%",13,18 381,"35,9000","35,9000","33,7000",02.01 16:42
"
MILKILAND



","0,5660","-0,0030","-0,53%",15,5 366,"0,5550","0,5690","0,5500",02.01 16:35
"
MILLENNIUM



","8,1000","-0,2550","-3,05%",1 802,8 322 534,"8,3500","8,3900","7,9000",02.01 17:00
"
MIRACULUM



","1,2700","-0,0100","-0,78%",18,50 346,"1,2800","1,2800","1,2300",02.01 17:00
"
MIRBUD



","8,1600","-0,0300","-0,37%",719,1 729 090,"8,3500","8,3600","8,0200",02.01 17:02
"
MLPGROUP



","72,0000","1,0000","1,41%",11,7 396,"73,4000","73,4000","70,8000",02.01 16:48
"
MLPGROUP-PDA



","70,0000","0,0000","0,00%",1,910 000,"70,0000","70,0000","70,0000",15.12 09:32
"
MLSYSTEM



","53,2000","-0,8000","-1,48%",203,347 761,"54,5000","55,7000","53,2000",02.01 17:02
"
MOBRUK



","321,0000","-10,0000","-3,02%",793,4 234 042,"330,0000","338,0000","316,0000",02.01 17:00
"
MOJ



","1,9000","0,0000","0,00%",1,2 280,"1,9000","1,9000","1,9000",02.01 11:09
"
MOL



","31,9600","-0,0400","-0,12%",167,3 887 583,"32,0000","32,3000","31,9600",02.01 17:00
"
MOLECURE



","19,9000","0,4000","2,05%",204,485 530,"20,6500","20,7500","19,6800",02.01 17:00
"
MONNARI



","5,5800","0,1400","2,57%",34,101 103,"5,4600","5,5800","5,4600",02.01 17:00
"
MOSTALPLC



","17,2000","-0,3000","-1,71%",22,20 579,"18,0000","18,0000","16,9000",02.01 17:00
"
MOSTALWAR



","6,9000","0,3600","5,50%",39,64 216,"6,6800","6,9000","6,5600",02.01 16:13
"
MOSTALZAB



","4,2350","0,0000","0,00%",146,302 142,"4,1900","4,2400","4,1750",02.01 17:00
"
MOVIEGAMES



","26,7500","0,0500","0,19%",212,336 683,"26,5000","27,2500","26,0000",02.01 16:42
"
MURAPOL



","36,7500","-0,1500","-0,41%",342,1 045 809,"37,0000","37,5000","36,6650",02.01 17:00
"
MUZA



","14,4000","0,5000","3,60%",150,268 818,"14,1000","14,5000","14,0000",02.01 16:46
"
MWTRADE



","6,0000","0,1000","1,69%",1,12,"6,0000","6,0000","6,0000",02.01 10:13
"
NANOGROUP



","0,9420","0,0140","1,51%",63,83 427,"0,9220","0,9680","0,9000",02.01 16:40
"
NEUCA



","879,0000","-46,0000","-4,97%",176,4 433 043,"925,0000","925,0000","875,0000",02.01 17:00
"
NEWAG



","20,9000","-0,7000","-3,24%",133,172 798,"21,6000","21,6000","20,7000",02.01 17:00
"
NEXITY



","2,6600","-0,0400","-1,48%",2,45,"2,7000","2,7000","2,6600",02.01 13:57
"
NOVATURAS



","16,4500","0,0000","0,00%",2,576,"16,4500","16,4500","16,4500",02.01 13:29
"
NOVAVISGR



","2,0800","0,0100","0,48%",59,197 839,"2,0700","2,2600","2,0700",02.01 17:00
"
NOVITA



","120,0000","-5,0000","-4,00%",28,33 018,"124,0000","126,0000","119,0000",02.01 16:12
"
NTCAPITAL



","0,6700","0,0100","1,52%",2,107,"0,6700","0,6700","0,6700",02.01 11:18
"
NTTSYSTEM



","5,6000","0,2200","4,09%",111,250 301,"5,5000","5,7000","5,5000",02.01 16:24
"
ODLEWNIE



","10,2000","0,7500","7,94%",80,121 633,"10,2000","10,4000","9,7500",02.01 16:43
"
OEX



","48,5000","2,1000","4,53%",41,175 933,"46,8000","50,2000","43,1000",02.01 16:11
"
ONDE



","16,3000","-0,8000","-4,68%",379,1 222 986,"17,1000","17,1000","16,2200",02.01 17:00
"
ONESANO



","1,1900","-0,0150","-1,24%",16,33 346,"1,2100","1,2250","1,1900",02.01 15:19
"
OPENFIN



","0,0540","0,0000","0,00%",7,1 501,"0,0550","0,0550","0,0540",02.02 15:00
"
OPONEO.PL



","48,6000","-0,5000","-1,02%",67,175 126,"49,0000","49,0000","48,2000",02.01 17:00
"
OPTEAM



","5,7000","0,1200","2,15%",13,6 968,"5,5400","5,7000","5,5000",02.01 13:02
"
ORANGEPL



","8,1940","0,0540","0,66%",1 730,12 152 588,"8,1100","8,2280","8,1100",02.01 17:00
"
ORCOGROUP



","2,3400","0,1800","8,33%",1,33,"2,3400","2,3400","2,3400",02.01 13:51
"
ORZBIALY



","34,4000","-0,4000","-1,15%",2,173,"35,0000","35,0000","34,4000",02.01 15:00
"
OTLOG



","36,5000","0,3000","0,83%",164,356 834,"36,2000","37,4000","36,0000",02.01 17:00
"
OTMUCHOW



","3,9400","0,0400","1,03%",9,20 530,"3,9400","3,9600","3,9400",02.01 13:29
"
OVOSTAR



","72,5000","0,0000","0,00%",5,12 747,"72,5000","72,5000","72,0000",02.01 12:55
"
PAMAPOL



","3,0400","0,0650","2,18%",11,9 745,"2,9800","3,0400","2,9300",02.01 16:45
"
PANOVA



","18,3000","1,4000","8,28%",44,232 916,"17,0000","18,3000","16,8000",02.01 17:00
"
PASSUS



","24,0000","2,2000","10,09%",37,56 007,"22,0000","24,2000","22,0000",02.01 15:17
"
PATENTUS



","3,6900","0,1000","2,79%",101,121 112,"3,5500","3,7600","3,5200",02.01 17:02
"
PBG



","0,0160","-0,0006","-3,61%",51,27 337,"0,0160","0,0160","0,0160",27.12 12:32
"
PBSFINANSE



","1,1000","0,0900","8,91%",2,1 277,"1,1000","1,1000","1,1000",02.01 15:09
"
PCCEXOL



","2,9400","0,0350","1,20%",111,138 044,"2,9100","2,9700","2,9100",02.01 16:42
"
PCCROKITA



","97,4000","1,5000","1,56%",256,698 952,"96,9000","97,5000","96,5000",02.01 17:02
"
PCFGROUP



","30,7000","1,2500","4,24%",89,132 479,"29,7000","30,7000","29,4500",02.01 16:48
"
PEKABEX



","23,2000","1,4000","6,42%",176,879 403,"22,5000","23,7000","22,2000",02.01 17:00
"
PEKAO



","149,0000","-3,0500","-2,01%",7 038,67 105 336,"152,0000","152,9000","147,0000",02.01 17:03
"
PEMUG



","0,8860","-0,0040","-0,45%",28,29 053,"0,8800","0,9100","0,8700",02.10 16:37
"
PEP



","76,0000","-0,8000","-1,04%",667,240 045,"77,0000","77,7000","74,8000",02.01 17:01
"
PEPCO



","25,5200","-0,5400","-2,07%",3 140,16 815 856,"26,3000","26,4000","25,2800",02.01 17:00
"
PEPEES



","1,2100","0,0100","0,83%",7,5 045,"1,2000","1,2100","1,2000",02.01 16:00
"
PETROLINV



","1,9400","0,6200","46,97%",1 465,1 637 107,"1,5000","2,0000","1,5000",28.06 17:04
"
PGE



","8,5720","-0,1060","-1,22%",2 307,7 929 821,"8,5700","8,8100","8,5400",02.01 17:00
"
PGFGROUP



","0,5240","0,0270","5,43%",70,52 413,"0,4870","0,5320","0,4870",02.01 17:03
"
PGNIG



","5,1480","0,0780","1,54%",5 781,102 656 320,"5,0700","5,1840","4,9800",28.10 17:02
"
PHARMENA



","7,1200","0,0200","0,28%",354,572 509,"7,4600","7,4800","6,2800",02.01 17:00
"
PHN



","13,8000","-0,2000","-1,43%",18,8 133,"13,6000","14,4000","13,6000",02.01 17:00
"
PHOTON



","8,2500","0,1300","1,60%",62,109 171,"8,1200","8,4000","8,1000",02.01 17:04
"
PJPMAKRUM



","15,9000","0,1000","0,63%",13,6 465,"15,8000","16,1000","15,8000",02.01 15:24
"
PKNORLEN



","65,5000","0,0000","0,00%",10 467,117 685 728,"65,9200","66,7800","64,8700",02.01 17:03
"
PKOBP



","49,6300","-0,6900","-1,37%",7 995,77 564 264,"50,2000","50,4800","48,8900",02.01 17:04
"
PKPCARGO



","14,3600","-0,2200","-1,51%",352,1 463 149,"14,6600","14,7200","14,3600",02.01 17:02
"
PLAYWAY



","319,0000","-1,0000","-0,31%",531,1 687 195,"323,5000","324,5000","313,0000",02.01 17:00
"
PLAZACNTR



","2,3300","0,0100","0,43%",59,53 720,"2,3500","2,3500","2,2400",02.01 17:00
"
PMPG



","3,0000","0,1600","5,63%",39,2 685,"2,9400","3,0000","2,9400",02.01 16:00
"
POLCOLORIT



","1,9400","0,0010","0,05%",26,11 394,"1,9390","1,9980","1,8800",02.10 17:00
"
POLICE



","12,3000","0,1000","0,82%",17,55 035,"12,2000","12,3000","12,0000",02.01 17:00
"
POLIMEXMS



","4,1650","0,0050","0,12%",416,1 096 538,"4,1600","4,2600","4,1350",02.01 17:00
"
POLTREG



","49,5000","-0,3000","-0,60%",10,35 971,"49,5000","49,9000","49,5000",02.01 15:52
"
POLWAX



","2,0200","0,0200","1,00%",39,40 620,"2,0700","2,0700","2,0100",02.01 16:34
"
PRAGMAINK



","4,4000","0,0000","0,00%",4,88,"4,4000","4,4000","4,4000",02.01 10:15
"
PRIMAMODA



","0,8400","0,1300","18,31%",2,2,"0,7700","0,8400","0,7700",04.05 15:00
"
PRIMETECH



","0,7800","0,0100","1,30%",4,2 157,"0,7800","0,7800","0,7800",29.12 15:00
"
PROCHEM



","30,6000","0,8000","2,68%",1,92,"30,6000","30,6000","30,6000",02.01 09:00
"
PROTEKTOR



","1,8640","0,0700","3,90%",79,35 043,"1,8160","1,8700","1,7500",02.01 14:34
"
PULAWY



","61,8000","0,4000","0,65%",12,11 319,"61,4000","61,8000","61,4000",02.01 15:25
"
PURE



","11,4200","-1,2200","-9,65%",1 921,4 609 403,"12,6400","14,4000","11,3000",02.01 17:04
"
PZU



","47,3500","0,0800","0,17%",3 393,40 612 760,"47,2700","47,6800","46,9300",02.01 17:04
"
QUANTUM



","24,2000","0,0000","0,00%",3,1 960,"24,2000","24,2000","24,2000",02.01 15:00
"
QUERCUS



","5,7200","-0,0800","-1,38%",118,176 314,"5,9000","5,9000","5,7000",02.01 17:00
"
RAEN



","0,8600","0,0620","7,77%",335,565 008,"0,7800","0,9280","0,7200",02.01 17:00
"
RAFAKO



","1,1700","0,0820","7,54%",6 649,18 592 830,"1,2200","1,3860","1,0900",02.01 17:01
"
RAFAMET



","16,4000","0,0000","0,00%",1,98,"16,4000","16,4000","16,4000",02.01 13:36
"
RAINBOW



","60,2000","-0,8000","-1,31%",468,1 323 972,"61,0000","61,8000","58,8000",02.01 17:00
"
RANKPROGR



","2,4900","-0,0300","-1,19%",22,94 243,"2,6200","2,6200","2,4300",02.01 17:00
"
RAWLPLUG



","15,5000","0,2500","1,64%",17,171 124,"15,2000","15,5000","15,1000",02.01 17:00
"
REDAN



","0,5150","0,1310","34,11%",132,143 607,"0,4700","0,5150","0,4400",02.01 10:02
"
REINHOLD



","0,0800","0,0050","6,67%",6,1 115,"0,0800","0,0800","0,0800",27.12 12:54
"
REINO



","1,4300","0,0300","2,14%",1,3,"1,4300","1,4300","1,4300",02.01 09:02
"
RELPOL



","7,4000","0,2000","2,78%",46,88 079,"7,2200","7,4400","7,1200",02.01 16:28
"
REMAK



","14,0000","-0,2500","-1,75%",25,35 716,"14,2500","14,7000","14,0000",02.01 16:28
"
RESBUD



","0,5960","-0,0060","-1,00%",20,13 904,"0,6020","0,6020","0,5700",02.01 15:57
"
ROPCZYCE



","31,4000","0,5000","1,62%",32,33 448,"30,8000","31,4000","30,8000",02.01 13:45
"
RYVU



","56,5000","-1,0000","-1,74%",157,457 028,"57,4000","59,9000","56,1000",02.01 17:00
"
SANOK



","24,5000","-0,1000","-0,41%",47,84 600,"24,7000","24,8000","24,4000",02.01 17:01
"
SANPL



","484,6000","-5,2000","-1,06%",2 150,20 357 064,"486,4000","489,6000","473,4000",02.01 17:00
"
SANTANDER



","16,5620","-0,0780","-0,47%",16,45 120,"16,6400","16,8560","16,4840",02.01 15:27
"
SANWIL



","1,7800","0,0300","1,71%",37,42 647,"1,7450","1,7950","1,7200",02.01 15:48
"
SATIS



","0,5000","0,0200","4,17%",12,14 515,"0,4890","0,5000","0,4800",02.01 14:45
"
SCPFL



","200,0000","4,0000","2,04%",188,553 011,"200,0000","203,0000","196,0000",02.01 17:00
"
SECOGROUP



","30,8000","0,8000","2,67%",8,25 815,"29,4000","30,8000","29,4000",02.01 16:44
"
SEKO



","11,6000","-0,3000","-2,52%",12,16 410,"12,4000","12,5000","11,6000",02.01 16:00
"
SELENAFM



","38,2000","-0,1000","-0,26%",36,73 037,"38,8000","38,8000","37,5000",02.01 16:32
"
SELVITA



","58,8000","0,3000","0,51%",91,255 454,"58,7000","59,5000","58,7000",02.01 17:00
"
SERINUS



","2,5500","-0,0100","-0,39%",24,16 133,"2,5600","2,5600","2,4550",02.01 17:00
"
SESCOM



","40,2000","0,0000","0,00%",20,16 780,"40,2000","41,0000","40,0000",02.01 16:32
"
SFINKS



","0,8000","0,0200","2,56%",37,56 432,"0,7800","0,8200","0,7600",02.01 16:08
"
SHOPER



","33,9000","0,9000","2,73%",48,231 540,"33,0000","34,3000","33,0000",02.01 17:03
"
SILVAIR-REGS



","4,9200","0,0000","0,00%",2,40,"5,0000","5,0000","4,9200",29.12 14:26
"
SILVANO



","6,3300","0,7500","13,44%",18,38 512,"5,5000","6,5000","5,5000",02.01 14:23
"
SIMFABRIC



","2,9100","0,1300","4,68%",193,327 177,"2,7800","2,9400","2,6000",02.01 16:49
"
SKARBIEC



","26,3000","0,8000","3,14%",55,185 444,"25,5000","27,0000","25,4000",02.01 17:00
"
SKYLINE



","1,7600","-0,0400","-2,22%",1,1 026,"1,7600","1,7600","1,7600",02.01 13:26
"
SLEEPZAG



","0,5500","-0,0150","-2,65%",36,31 961,"0,5800","0,5850","0,5300",09.11 11:00
"
SNIEZKA



","84,6000","3,4000","4,19%",30,30 576,"83,6000","84,6000","82,0000",02.01 17:00
"
SNTVERSE



","4,4120","0,1420","3,33%",362,820 438,"4,2980","4,5300","4,2940",02.01 17:00
"
SOHODEV



","0,4020","-0,0590","-12,80%",7,2 977,"0,4590","0,4590","0,4020",02.01 15:00
"
SOLAR



","4,0800","-0,0200","-0,49%",1,408,"4,0800","4,0800","4,0800",02.01 10:29
"
SONEL



","12,9000","0,0000","0,00%",18,18 461,"12,9500","13,0000","12,7000",02.01 15:58
"
SOPHARMA



","13,0000","-1,1000","-7,80%",8,10 290,"14,1000","14,1000","13,0000",02.01 15:48
"
SPYROSOFT



","564,0000","-14,0000","-2,42%",65,1 445 118,"576,0000","576,0000","550,0000",02.01 17:00
"
STALEXP



","3,2000","0,0200","0,63%",67,182 919,"3,1800","3,2000","3,1800",02.01 17:00
"
STALPROD



","234,5000","-6,5000","-2,70%",142,465 286,"241,0000","243,0000","232,0000",02.01 17:02
"
STALPROFI



","8,7300","0,1600","1,87%",91,62 558,"8,5700","8,7400","8,5600",02.01 16:28
"
STAPORKOW



","2,8000","0,0100","0,36%",3,6 618,"2,7000","2,8000","2,7000",02.01 13:06
"
STARHEDGE



","0,3060","0,0000","0,00%",1,31,"0,3060","0,3060","0,3060",02.01 15:00
"
STSHOLDING



","24,6000","-0,1000","-0,40%",28,80 703,"24,6500","24,7000","24,5500",04.10 17:00
"
SUNEX



","11,7400","0,1000","0,86%",187,325 235,"11,7600","11,8800","11,6000",02.01 17:03
"
SUWARY



","31,0000","-1,0000","-3,12%",1,62,"31,0000","31,0000","31,0000",17.05 09:49
"
SYGNITY



","43,9000","2,1000","5,02%",53,122 076,"42,0000","45,1000","42,0000",02.01 17:00
"
SYNEKTIK



","83,8000","-2,2000","-2,56%",1 692,2 637 964,"87,8000","88,4000","83,0000",02.01 17:00
"
TALEX



","17,0000","0,0000","0,00%",5,170,"17,0000","17,0000","17,0000",02.01 09:02
"
TARCZYNSKI



","49,5000","0,3000","0,61%",12,15 571,"49,0000","50,0000","48,5000",02.01 17:00
"
TATRY



","130,0000","0,0000","0,00%",2,4 290,"130,0000","130,0000","130,0000",27.12 16:26
"
TAURONPE



","3,7120","-0,0220","-0,59%",1 529,7 139 543,"3,7340","3,7940","3,6820",02.01 17:01
"
TBULL



","4,6200","0,0200","0,43%",3,1 076,"4,6200","4,6200","4,6200",02.01 15:00
"
TENDERHUT



","8,8500","0,0000","0,00%",17,5 027,"8,8500","9,4000","8,7000",02.01 12:59
"
TERMOREX



","0,8400","0,0200","2,44%",3,735,"0,8200","0,8400","0,8200",02.01 10:04
"
TESGAS



","2,9000","0,0400","1,40%",11,13 293,"2,8600","2,9000","2,8600",02.01 17:00
"
TEXT



","119,0000","3,2000","2,76%",566,2 060 924,"116,6000","119,6000","115,8000",02.01 17:00
"
TIM



","46,9500","0,3000","0,64%",55,144 807,"48,0000","48,0000","46,7500",02.01 17:00
"
TORPOL



","23,4000","1,1000","4,93%",279,820 508,"22,3500","23,5500","22,3500",02.01 17:00
"
TOWERINVT



","8,9000","0,0000","0,00%",1,2 982,"8,9000","8,9000","8,9000",02.01 15:21
"
TOYA



","8,6200","0,2700","3,23%",650,1 349 099,"8,4100","8,7200","8,4100",02.01 17:00
"
TRAKCJA



","1,6900","-0,0250","-1,46%",115,134 648,"1,7050","1,7550","1,6600",02.01 16:48
"
TRANSPOL



","3,6400","0,0800","2,25%",12,9 796,"3,7000","3,7000","3,5200",02.01 16:15
"
TRITON



","4,7200","0,3400","7,76%",2,260,"4,3800","4,7200","4,3800",29.12 15:00
"
TSGAMES



","97,4000","1,0000","1,04%",863,6 579 442,"97,0000","98,8000","96,4500",02.01 17:00
"
ULMA



","75,0000","0,0000","0,00%",9,32 918,"74,0000","75,0000","72,0000",02.01 17:00
"
ULTGAMES



","9,7800","-0,2200","-2,20%",119,192 838,"10,0500","10,0500","9,4400",02.01 17:00
"
UNFOLD



","1,5600","-0,1700","-9,83%",40,195 471,"1,7200","1,8900","1,5600",28.09 17:00
"
UNIBEP



","9,2000","0,0800","0,88%",45,48 226,"9,2200","9,3800","9,1200",02.01 16:06
"
UNICREDIT



","106,5000","1,1000","1,04%",1,42 600,"106,5000","106,5000","106,5000",29.12 14:40
"
UNIMA



","6,3400","-0,2000","-3,06%",16,5 745,"6,5200","6,5200","6,3400",21.12 12:01
"
UNIMOT



","123,0000","-1,0000","-0,81%",199,429 718,"123,8000","123,8000","120,8000",02.01 17:00
"
URSUS



","0,0133","-0,0010","-6,99%",654,147 423,"0,0121","0,0200","0,0115",14.10 17:02
"
URTESTE



","101,0000","-8,0000","-7,34%",57,81 821,"111,0000","111,0000","100,0000",02.01 17:00
"
VERCOM



","76,4000","-1,8000","-2,30%",105,167 773,"77,2000","77,8000","75,4000",02.01 17:00
"
VIGOPHOTN



","520,0000","30,0000","6,12%",28,88 970,"524,0000","524,0000","490,0000",02.01 17:00
"
VIGOPHOTN-PDA



","518,0000","28,0000","5,71%",9,20 732,"518,0000","520,0000","518,0000",02.01 16:49
"
VINDEXUS



","10,3000","-0,3000","-2,83%",111,553 926,"10,6000","11,1000","10,0500",02.01 17:04
"
VISTAL



","0,5990","-0,0610","-9,24%",669,640 076,"0,6360","0,6990","0,5820",03.10 17:00
"
VIVID



","0,7380","-0,0500","-6,35%",74,51 110,"0,7900","0,8000","0,7160",02.01 17:00
"
VOTUM



","47,0000","1,0000","2,17%",275,588 595,"46,0000","47,7500","46,0000",02.01 17:00
"
VOXEL



","81,6000","3,0000","3,82%",244,1 187 333,"79,0000","82,8000","78,6000",02.01 17:01
"
VRG



","3,4600","0,0600","1,76%",64,94 482,"3,4500","3,5200","3,4100",02.01 17:01
"
WARIMPEX



","4,1800","-0,0200","-0,48%",44,54 790,"4,4000","4,4000","4,0000",02.01 16:45
"
WASKO



","1,6450","-0,0150","-0,90%",35,34 400,"1,6700","1,6800","1,6000",02.01 16:14
"
WAWEL



","750,0000","0,0000","0,00%",47,293 210,"746,0000","760,0000","738,0000",02.01 16:49
"
WIELTON



","9,6100","0,1100","1,16%",164,383 512,"9,5000","9,7000","9,4100",02.01 17:01
"
WIKANA



","4,9800","0,2800","5,96%",5,20 051,"4,6600","4,9800","4,6600",02.01 17:00
"
WINVEST



","0,4500","0,0000","0,00%",4,74,"0,4500","0,4500","0,4500",28.12 15:00
"
WIRTUALNA



","116,0000","-5,6000","-4,61%",293,692 120,"124,2000","124,2000","116,0000",02.01 17:00
"
WITTCHEN



","30,0000","-0,1000","-0,33%",601,1 647 620,"30,1000","31,3000","29,8000",02.01 17:00
"
WOJAS



","8,0400","0,1600","2,03%",32,54 981,"7,9000","8,0800","7,8000",02.01 16:36
"
XPLUS



","1,6800","0,0400","2,44%",58,16 732,"1,6100","1,7900","1,6100",02.01 15:40
"
XTB



","38,3600","0,5400","1,43%",2 142,9 414 567,"38,1000","38,5000","37,5400",02.01 17:00
"
XTPL



","163,5000","0,5000","0,31%",82,167 604,"163,0000","165,5000","158,5000",02.01 16:49
"
YOLO



","0,3345","-0,0015","-0,45%",16,14 211,"0,3340","0,3390","0,3335",04.05 16:36
"
ZAMET



","1,6900","-0,0150","-0,88%",52,60 237,"1,7150","1,7150","1,6250",02.01 17:00
"
ZEPAK



","21,5500","-0,0500","-0,23%",216,412 575,"21,6000","21,9000","21,3500",02.01 17:00
"
ZPUE



","374,0000","-13,0000","-3,36%",4,10 534,"388,0000","388,0000","374,0000",01.12 09:16
"
ZREMB



","4,1900","0,4900","13,24%",640,1 109 203,"3,7000","4,4300","3,7000",02.01 17:00
"
ZUE



","7,9800","-0,2400","-2,92%",220,481 961,"8,2000","8,2000","7,8200",02.01 16:44
"
ZYWIEC



","481,0000","-2,0000","-0,41%",16,971 786,"483,0000","483,0000","480,0000",13.01 14:31
